image_name,species,mean_intensity,std_intensity,median_intensity,min_intensity,max_intensity,skewness,kurtosis,pixel_count,intensity_0_25,pct_0_25,intensity_25_50,pct_25_50,intensity_50_75,pct_50_75,intensity_75_100,pct_75_100,intensity_100_125,pct_100_125,intensity_125_150,pct_125_150,intensity_150_175,pct_150_175,intensity_175_200,pct_175_200,intensity_200_225,pct_200_225,intensity_225_255,pct_225_255
001.png,Slaty_Backed_Gull,98.41016355140187,92.6575728579007,47.0,0,250,0.46253537553877366,-1.5935493728210457,8560,2857,33.376168224299064,1687,19.707943925233646,562,6.565420560747663,117,1.3668224299065421,46,0.5373831775700935,114,1.3317757009345794,142,1.6588785046728973,528,6.16822429906542,1314,15.350467289719628,1193,13.936915887850468
002.png,Slaty_Backed_Gull,189.6483076923077,30.7831106658229,190.0,0,254,-0.407014830284493,0.35675618235197426,9750,5,0.05128205128205128,9,0.0923076923076923,5,0.05128205128205128,13,0.13333333333333333,21,0.21538461538461537,1063,10.902564102564103,1908,19.56923076923077,2818,28.902564102564103,2417,24.78974358974359,1491,15.292307692307691
003.png,Slaty_Backed_Gull,202.95453925814178,29.972736362187295,206.0,134,254,-0.4008490689334551,-0.7211611959506508,440138,0,0.0,0,0.0,0,0.0,0,0.0,0,0.0,26928,6.118081147276536,57301,13.018871353984432,107539,24.433018735033105,122709,27.879665014154654,125661,28.550363749551277
004.png,Slaty_Backed_Gull,129.5195570127086,87.41995399426662,136.0,4,254,-0.043426739047104874,-1.6167340185132753,1392365,210698,15.1323826726469,238103,17.100616576831506,80224,5.7617075982231665,62362,4.478854323399396,73874,5.3056490216286685,61774,4.436624017409228,72992,5.242303562643416,154142,11.07051671077627,141282,10.146908317862055,296914,21.324437198579396
006.png,Slaty_Backed_Gull,147.41245047861747,71.21289872938549,183.0,0,247,-0.6418153187055677,-1.0786957534883606,466970,36507,7.817846970897488,27210,5.8269267833051375,42360,9.07124654688738,46258,9.905989678137782,12139,2.599524594727713,13393,2.868064329614322,31724,6.793584170289312,115301,24.69130779279183,111664,23.91245690301304,30414,6.513052230335996
008.png,Slaty_Backed_Gull,191.23390156355043,65.48271361051796,220.0,6,254,-1.2304517921362863,0.4113203349777055,3560998,99724,2.8004508848362173,118254,3.3208106266838677,107569,3.020754294161356,140236,3.938109485037621,119179,3.3467864907534346,236081,6.62963023287292,242182,6.8009586076712205,294636,8.273972633514537,546879,15.357464396217017,1656258,46.511062348251805
011.png,Slaty_Backed_Gull,106.93371703694913,74.25077221977443,82.0,8,242,0.47950882028808817,-1.2923906035087527,589865,71140,12.060386698651387,90633,15.36504115348427,94723,16.058420146982787,105294,17.85052512015461,24145,4.093309486068846,16435,2.78623074771346,19891,3.37212752070389,37064,6.283471641816347,86834,14.720995482017072,43706,7.4094920024073305
012.png,Slaty_Backed_Gull,131.37633379958356,77.86580252780917,147.0,4,254,-0.15519313771380572,-1.4444525828377894,787131,95026,12.072450456150246,78353,9.954251579470254,87564,11.124450694992321,52958,6.727977935057824,30118,3.8263008317548164,56052,7.121051006757452,93027,11.818490187783228,68552,8.709096706901393,127750,16.229827055471073,97731,12.416103545661397
016.png,Slaty_Backed_Gull,124.15686438610328,90.42307566106724,163.0,0,254,-0.17764799210470367,-1.7169933561039656,704972,173016,24.542251323456817,92387,13.105059491724495,28099,3.985832061415205,9164,1.2999097836509819,7250,1.0284096389643844,17355,2.461799901272675,53075,7.528667805246165,109962,15.598066306179536,116645,16.546047218896636,98019,13.903956469193101
020.png,Slaty_Backed_Gull,113.69012996211674,84.94353978842453,82.0,0,254,0.28405008970658846,-1.5154405514847629,93181,20762,22.28136637297303,4908,5.2671681995256545,16179,17.362981723741967,11566,12.412401669868322,2368,2.5412906064541056,1363,1.4627445509277641,2156,2.3137764136465586,8162,8.759296423090545,13590,14.58451830308754,12127,13.014455736684516
025.png,Slaty_Backed_Gull,157.6445040269878,83.26756419025915,202.0,0,254,-0.6455693361801412,-1.2928193225539606,774276,62908,8.124751380644629,98632,12.738610004701165,65233,8.425031900769236,15975,2.0632177673077816,10200,1.317359701191823,18806,2.4288496608444534,35568,4.593710769803016,62876,8.120618487464418,201697,26.04975486777325,202381,26.13809545950023
027.png,Slaty_Backed_Gull,163.43029844189968,74.91068059718005,206.0,18,254,-0.5113576164077165,-1.4225179852557581,493999,2328,0.47125601468828887,34974,7.0797714165413295,66459,13.453266099728948,57565,11.652857596877727,15192,3.075309869048318,12635,2.5576974852175813,15561,3.1500063765311266,26660,5.396772058243033,127914,25.893574683349563,134711,27.26948839977409
028.png,Slaty_Backed_Gull,79.45058221297182,64.50805202403507,48.0,7,218,0.8914527327127438,-0.851491125518701,266655,45000,16.875738313551217,95621,35.85944385066846,39841,14.941028670004314,9626,3.6099079334720896,6739,2.527235566556037,6441,2.415480677279631,10278,3.8544186308150987,46300,17.363259642609364,6809,2.553486715043783,0,0.0
032.png,Slaty_Backed_Gull,177.98008335795112,81.13283362781054,217.0,7,254,-1.0129314407532106,-0.5356059879450461,1557140,117633,7.554426705370101,147492,9.471980682533362,55365,3.555556982673363,18213,1.1696443479712806,9938,0.6382213545345955,45992,2.953620098385502,129971,8.346776783076667,129635,8.32519876183259,203353,13.059390934662266,699548,44.925183348960275
038.png,Slaty_Backed_Gull,113.32703509266234,74.83076573753597,93.0,0,253,0.402393183317025,-1.1913640086284907,173911,22827,13.125679226730913,16626,9.560062330732386,23795,13.68228576685776,33390,19.199475593838226,15646,8.996555709529588,6866,3.9479963889575704,6122,3.5201913622485064,6997,4.02332227403672,21324,12.261444071967846,20318,11.682987275100484
040.png,Slaty_Backed_Gull,179.04571743212693,70.59689314776062,215.0,9,254,-0.9435456125305457,-0.38699222168114167,1013399,30914,3.0505260020978904,73387,7.241668878694374,27451,2.70880472548325,19738,1.947702731105912,71711,7.076284859171955,109255,10.781044780979654,59083,5.83018139942905,36142,3.5664136238539803,186359,18.389499101538487,399359,39.40787389764545
041.png,Slaty_Backed_Gull,148.65937561185353,77.53434646020396,175.0,0,254,-0.48149235588660233,-1.2856006252258385,520958,52102,10.001190115134042,31833,6.110473397087673,56568,10.858456919751688,32262,6.1928216862011904,8015,1.5385117418294756,29362,5.636154929955966,49300,9.463334856168828,63572,12.202903113110846,100330,19.258750225546013,97614,18.73740301521428
042.png,Slaty_Backed_Gull,155.46926897269347,88.92707226291976,196.0,0,254,-0.6479486683412767,-1.322112645927814,503579,82984,16.4788444315589,47161,9.365164154978663,22210,4.4104301410503615,9168,1.8205683715961152,2637,0.523651701123359,5433,1.0788773956022788,10710,2.126776533572687,81869,16.25742932092085,86842,17.244960572224024,154565,30.693297377372765
043.png,Slaty_Backed_Gull,195.2660551795697,26.57325656599903,199.0,8,254,-0.9583739962352951,1.786018161542529,1029294,99,0.009618243184163126,824,0.08005487256313551,1085,0.10541205913956557,3002,0.29165622261472424,7491,0.7277804009350098,31354,3.046165624204552,187873,18.25260809836645,283463,27.539556239519513,410028,39.83584864965695,104075,10.111299589815932
045.png,Slaty_Backed_Gull,132.90524258780871,83.15168751015426,164.0,0,254,-0.14809244737012323,-1.7111752757681158,389426,41522,10.66235947265976,61071,15.682311915485869,54851,14.085089336613374,15240,3.9134521064335717,4650,1.1940651112149676,8022,2.0599549079927892,18179,4.668152614360623,44517,11.431440119560584,94558,24.28137823360536,46816,12.021796182073102
046.png,Slaty_Backed_Gull,166.94460734328317,64.7243301560907,195.0,0,254,-1.281709738353108,0.2646427767092301,1402370,83013,5.919479167409457,90748,6.47104544449753,56185,4.006431968738635,15101,1.0768199547908184,6538,0.4662107717649408,124459,8.874904625740712,99389,7.087216640401605,303160,21.61769005326697,542515,38.6855822643097,81262,5.79461910907963
047.png,Slaty_Backed_Gull,143.0820396571705,74.6399741441254,173.0,10,247,-0.39216224346879747,-1.342267953659375,314092,33879,10.7863301198375,17794,5.665219107777339,14156,4.506959744278746,47135,15.006749614762555,21312,6.78527310469544,9717,3.093679558855367,14549,4.632082319829859,42613,13.567044050787667,80512,25.633253951071662,32425,10.323408428103868
055.png,Slaty_Backed_Gull,169.26883601659856,58.402282239043274,178.0,19,254,-0.5807059736027795,-0.6502100922013079,791635,1075,0.13579490548042975,33475,4.228590196239428,36384,4.596057526511587,30158,3.8095839623058603,67897,8.576806230143942,144659,18.27344672734278,72542,9.163566542661707,73418,9.27422360052297,152950,19.320772830913235,179077,22.62115747787806
057.png,Slaty_Backed_Gull,160.75937983459153,86.02541452605271,213.0,2,254,-0.539888116048066,-1.3597179263904544,687752,66993,9.740865893519757,47009,6.83516732775768,53022,7.7094650397236215,57207,8.31796926799195,40658,5.9117239935325525,10848,1.5773127522711674,9123,1.3264955972501717,24146,3.5108585652967927,138476,20.134583396340542,240270,34.935558166315765
059.png,Slaty_Backed_Gull,208.90990592913872,24.348133044338866,212.0,126,253,-1.0239101685373715,1.157597925399556,257997,0,0.0,0,0.0,0,0.0,0,0.0,0,0.0,9034,3.5015911037725242,13640,5.28688318081218,49535,19.199835657003764,115570,44.79509451660291,70218,27.216595541808626
061.png,Slaty_Backed_Gull,108.38875926900039,71.15464739413595,80.0,5,247,0.6401895552840656,-1.0810768540651539,235732,16905,7.171279249317021,27783,11.785841548877539,61305,26.006227410788522,43383,18.403526038043204,11833,5.019683369249826,4765,2.021363243004768,5892,2.4994485262925696,11801,5.0061086318361525,31571,13.392751090221097,20494,8.693770892369301
066.png,Slaty_Backed_Gull,206.4156002437538,22.401270430502912,206.0,135,254,-0.27337632955590196,-0.14385378912066837,3282,0,0.0,0,0.0,0,0.0,0,0.0,0,0.0,44,1.340645947592931,172,5.2407068860450945,1008,30.712979890310788,1261,38.421694088970135,797,24.28397318708105
068.png,Slaty_Backed_Gull,207.41556244713843,21.60120821831071,210.0,133,252,-0.6533565640777413,0.6751436223962504,3547,0,0.0,0,0.0,0,0.0,0,0.0,0,0.0,77,2.1708486044544686,151,4.257118691852269,958,27.00873978009586,1649,46.489991542148296,712,20.073301381449113
072.png,Slaty_Backed_Gull,154.69353235641296,90.14967740224964,207.0,0,254,-0.4037005409843538,-1.551370879193629,439681,60515,13.76338754688058,36040,8.196851808470232,22343,5.0816387335363595,40403,9.189162142553352,18342,4.171660817729218,13634,3.100884504902418,8392,1.9086565032375744,13133,2.9869382575094217,51943,11.813792272124562,174936,39.787027413056286
076.png,Slaty_Backed_Gull,144.16543724456668,67.05294891030715,153.0,3,251,-0.5711516973541892,-0.7816918754484821,418896,33600,8.02108399220809,34296,8.18723501776097,12714,3.035120889194454,8762,2.09168862915855,54190,12.93638516481418,57659,13.764514342462093,43746,10.443164890569497,61120,14.590733738207096,81876,19.545662885298498,30933,7.384410450326573
082.png,Slaty_Backed_Gull,137.8113931253605,82.3690745793713,158.0,1,254,-0.3185076048919076,-1.4308475632514646,514907,80107,15.557566706220735,27164,5.275515772751196,56962,11.062580232935268,27288,5.2995977914458345,19540,3.7948600426873202,34046,6.612067810303608,30533,5.929808683898257,62340,12.107040688901103,91144,17.701060579871704,85783,16.659901690984974
088.png,Slaty_Backed_Gull,168.28446263643997,67.64990988071669,192.0,13,254,-0.6829516654748564,-0.8231641814500539,476400,9765,2.049748110831234,32004,6.717884130982369,17996,3.777497900923594,30062,6.31024349286314,45151,9.47753988245172,41416,8.693534844668346,34760,7.296389588581024,39642,8.321158690176322,84869,17.81465155331654,140735,29.54135180520571
089.png,Slaty_Backed_Gull,155.0193460178304,71.48318626571937,194.0,0,242,-0.7827787756482073,-0.8305034778438265,532461,48079,9.029581509256076,15248,2.863683913000201,14861,2.7910025335188866,80509,15.120168425480927,29726,5.582756295766263,10616,1.9937610454098986,13726,2.5778413818101233,87624,16.456416526280798,197978,37.181690302200536,34094,6.4030980672762885
093.png,Slaty_Backed_Gull,154.55022496505288,77.9325341652003,181.0,0,254,-0.41275812483721075,-1.32532527376909,444958,29841,6.706475667366359,33921,7.623416142647171,26649,5.989104589646663,38695,8.696326394850749,48551,10.911366915529106,27217,6.116757087185757,12936,2.9072406833903424,21635,4.8622566624265655,75451,16.956881323630547,130062,29.230174533326743
0H5A2453.png,Slaty_Backed_Gull,149.27116808749446,61.21664112189302,145.0,19,254,-0.13533021688451027,-1.3265996802202262,1364932,134,0.00981733888574669,75224,5.511190301055291,79126,5.797065348310392,191329,14.017474863216627,232089,17.003704213836293,123933,9.079792986024213,77999,5.714497132457881,141479,10.365278270272803,291988,21.392127959488093,151631,11.10905158645266
0H5A6212.png,Slaty_Backed_Gull,112.57145450684058,83.91147830661478,85.0,5,254,0.2391409120583888,-1.5823065945468644,583868,117924,20.197030835736847,82245,14.086231819520851,75226,12.884076537847596,34580,5.922571540142635,13006,2.227558283721663,36837,6.309131516027596,31876,5.459453164071331,31817,5.44934814033309,81132,13.895606541204518,79225,13.568991621393877
0H5A6244.png,Slaty_Backed_Gull,154.1689095558094,83.40043475510538,200.0,0,254,-0.7395526334667045,-1.2057967854617424,1207297,155750,12.900719541256212,139332,11.540822183770853,52222,4.325530503264731,22319,1.8486751810035145,8727,0.7228544426102277,16624,1.376960267440406,39992,3.312523761758705,166165,13.763390449905863,396576,32.84825523462744,209590,17.36026843436205
0H5A6657.png,Slaty_Backed_Gull,165.70240748840462,25.305660230756448,166.0,6,240,-0.6831844549943717,3.3229020306245864,427541,140,0.03274539751743108,1760,0.4116564259334193,1482,0.3466334222916632,1833,0.42873081178179406,5530,1.2934432019385276,86534,20.239930205524146,204462,47.82278190863566,81262,19.006832093296318,43693,10.219604669493686,845,0.19764186358735186
0H5A7419.png,Slaty_Backed_Gull,125.710053380589,79.33815874450738,151.0,0,247,-0.030165329697009954,-1.7440521597688983,458781,41703,9.089957953794949,72954,15.901704734938892,89711,19.554209960743798,13990,3.0493852186555244,5037,1.0979094600691832,5550,1.2097275170506188,23816,5.191147846140097,83011,18.09381818340341,87610,19.09625725564049,35399,7.715881869563038
0H5A9971.png,Slaty_Backed_Gull,174.52062472570273,71.6611185119345,211.0,24,254,-0.6827049632437072,-1.1548644771431367,617487,2,0.0003238934584857657,34353,5.563355989680755,60667,9.824822222977973,55962,9.06286286189021,42030,6.806621030078366,18796,3.043950722849226,14154,2.2921940057037635,40641,6.581677023160001,115021,18.62727474424563,235861,38.19691750595559
0H5A9978.png,Slaty_Backed_Gull,161.63450570002928,74.73250062569915,203.0,14,247,-0.6946295899179996,-1.160202926446948,420261,8072,1.9207111771018488,52339,12.453927440328748,22842,5.435193843825623,41523,9.880288677750256,15306,3.6420224574728564,8396,1.997806125241219,12911,3.0721385044055958,39801,9.470543305231748,129995,30.93196846721442,89076,21.195400001427682
102.png,Slaty_Backed_Gull,148.25347753112104,72.97861430754962,181.0,6,254,-0.4600119351945327,-1.35861759031612,669081,33149,4.954407612830136,57886,8.651568345237722,81224,12.139636307113788,62733,9.37599483470611,15207,2.272818986042049,15439,2.3074934126062465,48051,7.18164168463908,124402,18.592965575169522,147228,22.00451066462805,83762,12.518962577027295
104.png,Slaty_Backed_Gull,127.22211441620583,79.66361168702316,127.0,0,253,-0.0327855431679144,-1.6153392867483207,1084252,123558,11.395690300778785,115733,10.673994606419908,182528,16.83446283705264,85246,7.862194397612362,32608,3.0074189395085273,22213,2.0486934771621357,66720,6.153551019504691,146889,13.547496338489577,183107,16.887863706961113,125650,11.588634376510258
108.png,Slaty_Backed_Gull,191.64214093033146,27.25324675370268,190.0,5,254,-0.25906922415055544,1.1294446331743968,926401,230,0.024827261628603593,334,0.03605350166936348,1148,0.12392041891146491,1226,0.1323400989420348,6911,0.7460052396316498,29703,3.2062789224104895,205530,22.18585688055173,329056,35.51982348896428,235090,25.37669972290617,117173,12.648194464384213
109.png,Slaty_Backed_Gull,138.38174766961924,79.37649999972899,192.0,5,237,-0.43812074587768296,-1.66845561782869,690016,53219,7.712719705050318,121883,17.66379330334369,83974,12.169862727820805,12638,1.8315517321337478,4902,0.7104183091406576,4813,0.6975200575059128,7551,1.0943224504939015,124451,18.035958586467558,274174,39.73444094049993,2411,0.34941218754347725
112.png,Slaty_Backed_Gull,141.8282091714382,91.55436930225738,197.0,5,254,-0.3464558952329222,-1.7233365364566904,655099,104133,15.895765372867308,107480,16.406680516990562,39395,6.013594891764451,11666,1.7807995432751387,6247,0.953596326662077,8278,1.2636258031228869,10879,1.6606650292551202,49623,7.574885627973788,149953,22.890128056980704,167445,25.56025883110797
121.png,Slaty_Backed_Gull,169.09842796463565,81.84506505740646,218.0,9,254,-0.5344882014052939,-1.3908584726328426,543372,11576,2.1304005359127816,53286,9.806541374969633,44363,8.16438830120065,57472,10.576915998616048,29446,5.419123547035917,13762,2.532703194128516,9552,1.7579117068969325,28074,5.1666261787504695,51297,9.440493805348822,244544,45.00489535714023
122.png,Slaty_Backed_Gull,182.03719933380083,69.31875539530833,202.0,6,254,-0.6261762172403773,-0.7994614472670851,1140800,20240,1.7741935483870968,41228,3.613955119214586,41862,3.6695301542776995,48731,4.271651472650771,113509,9.949947405329592,142545,12.495178821879382,85903,7.530066619915848,53814,4.717215988779803,104283,9.141216690042075,488685,42.83704417952314
129.png,Slaty_Backed_Gull,159.51073992993256,80.63609534000412,199.0,0,254,-0.5740643960110361,-1.1979883304341172,293717,26228,8.929684015566004,17318,5.896151737897363,19953,6.793273797567045,22196,7.5569340555704985,19639,6.686368170722158,11885,4.046412022456991,11976,4.0773942264152225,18265,6.218570937330832,56299,19.167770336752724,89958,30.62744069972116
130.png,Slaty_Backed_Gull,171.00726007572203,67.43733353141451,197.0,0,254,-0.7835766577941925,-0.4649892019601958,961147,32158,3.3457941397101587,55199,5.743034104044439,29280,3.0463602341785387,23254,2.4194009865296358,83184,8.654659484969521,137707,14.327360955192079,67092,6.980409864464021,63830,6.641023693566124,185668,19.317336474025304,283775,29.524620063320178
131.png,Slaty_Backed_Gull,147.71645262786143,73.35283715234702,169.0,5,253,-0.5008099735339275,-1.1658377106347895,622940,46929,7.533470318168684,53318,8.559090763155359,37857,6.077150287347096,40700,6.533534529810255,51715,8.301762609561115,37550,6.027867852441648,52838,8.48203679327062,72655,11.6632420457829,150708,24.193020194561274,78670,12.628824605901052
3O4A0530 2.png,Slaty_Backed_Gull,142.42814087474414,73.8395159192149,179.0,0,249,-0.4563606435476717,-1.2902879780819858,416739,39860,9.564739561212173,15121,3.6284101080052507,50015,12.001516536729223,47509,11.400180928590796,19684,4.723340028171109,5467,1.311852262447239,20911,5.017768915316301,93048,22.327643921015312,94219,22.608635140939533,30905,7.415912597573062
3O4A1102 2.png,Slaty_Backed_Gull,156.67064891300694,78.7274872986773,202.0,19,250,-0.4865531157175579,-1.5182936495884733,505661,4338,0.8578870033480929,60339,11.932697993319636,85053,16.820162124427235,28714,5.67850793318053,9220,1.8233559637781043,8415,1.6641583986109272,11700,2.313803121063321,35616,7.043454013657372,142067,28.095304957273747,120199,23.770668491341038
3O4A1145 2.png,Slaty_Backed_Gull,135.3931377673581,88.53109295678973,177.0,0,254,-0.2598535383538746,-1.7295089366009198,709769,112665,15.873474327562912,138656,19.535369958394913,27410,3.8618198315226504,9089,1.2805574771510166,7156,1.0082153489374712,15452,2.177046334793433,36070,5.081935108464867,93991,13.242477482110376,125706,17.710832679364692,143574,20.228271451697665
3O4A1687.png,Slaty_Backed_Gull,163.14835909376413,83.63908123809621,197.0,0,254,-0.7581586755364219,-1.027164883274559,1315066,133988,10.188690149391741,143532,10.91443319194626,59576,4.530266921964373,14393,1.0944697832656307,8917,0.6780648271645682,45812,3.483627437710351,113720,8.64747472750417,152310,11.58192820740556,206686,15.716777713057747,436132,33.16426704058959
3O4A1695.png,Slaty_Backed_Gull,157.2093793986527,76.80310844436758,194.0,0,254,-0.5767154671627219,-1.0838950209273264,424846,42967,10.113547026451938,19053,4.484683861917024,8381,1.9727148190167731,33704,7.933227569519308,63232,14.883510730947213,14612,3.4393639106876375,8598,2.0237921505674996,33992,8.001016839042853,94742,22.300315879165627,105565,24.847827212684127
3O4A1704.png,Slaty_Backed_Gull,137.2061234550916,83.04831343789498,156.0,0,254,-0.3393739953416905,-1.3713013279423614,348888,65214,18.691958450849555,9762,2.7980326064525007,7746,2.22019673935475,49253,14.117137878058289,31166,8.93295269542088,9585,2.747299993121002,8878,2.544656164729082,39164,11.225378918162848,74211,21.270722982733716,53909,15.451663571117379
3O4A2703 2.png,Slaty_Backed_Gull,154.36834436388534,71.6317486790983,158.0,10,254,-0.5076767545504451,-0.9008906982703291,911408,54900,6.023646928708109,83915,9.207182732651018,25566,2.8051103347787163,25156,2.7601249934167793,77950,8.552700876007233,150403,16.50226901673016,92721,10.17338008882959,74763,8.203022137176765,99214,10.88579428751997,226820,24.88676860418166
3O4A2723 2.png,Slaty_Backed_Gull,122.27372231964361,82.69207622159867,104.0,4,252,0.04233697248996684,-1.5210802720524617,521218,99834,19.153981635323415,31643,6.070972222755162,58134,11.153490478072515,64585,12.391168378682242,24691,4.737173313277745,15363,2.9475190803080475,21647,4.1531566446285435,67610,12.971539739609913,64996,12.47002214044795,72715,13.950976366894466
3O4A2740.png,Slaty_Backed_Gull,156.0788057380014,71.73718339414727,181.0,3,254,-0.5668622230037851,-0.996546862063834,920669,53686,5.831194490093617,56007,6.083293778763052,49788,5.407806714465242,69294,7.526483459310566,56628,6.150744730190763,123518,13.41611371730774,34230,3.7179485786965785,81760,8.880498854637226,214754,23.325864127064126,181004,19.660051549471092
3O4A3053.png,Slaty_Backed_Gull,187.68290496816851,70.26485276664019,220.0,9,254,-1.2346597568046347,0.11023808718671901,553383,13695,2.4747778663240467,35410,6.3988232381551295,29605,5.34982101004187,19268,3.4818561466470785,9372,1.6935829253880226,11539,2.0851742825493376,28627,5.173089885305475,64272,11.614379191265362,80179,14.488880214968654,261416,47.23961523935502
3O4A3191.png,Slaty_Backed_Gull,155.2124905346678,88.27741426130612,189.0,3,254,-0.4941090057059619,-1.3597927424011256,485984,70569,14.52084842299335,22377,4.604472575228814,44040,9.062026733390399,25768,5.302232172252584,9411,1.936483505629815,20253,4.1674211496674785,21572,4.438829261868704,43377,8.92560248897083,60120,12.37077763877,168497,34.67130605122802
3O4A3226.png,Slaty_Backed_Gull,137.79954611492926,89.78502909705696,175.0,0,254,-0.2179910962860884,-1.6716708758589018,388204,54932,14.150292114455286,56005,14.42669318193527,35603,9.171208951994313,18763,4.833283531339193,6449,1.661239966615491,6507,1.676180564857652,14566,3.7521509309538286,35769,9.213969974549464,66250,17.06576954384808,93360,24.049211239451424
3O4A4169 2.png,Slaty_Backed_Gull,118.40789451795465,78.16605148558972,96.0,0,240,0.14395414765313116,-1.4529664510001354,300563,49159,16.355639250340197,25530,8.494059481705998,22942,7.633008720301568,57919,19.27016964829337,22406,7.454676723349181,10002,3.3277549132794126,9520,3.16738919960208,16697,5.555241330436547,58769,19.552972255400697,27619,9.18908847729095
3O4A4211 2.png,Slaty_Backed_Gull,129.97622632060074,68.70640713386163,152.0,0,246,-0.5828046598442199,-1.0629757741526153,994377,130950,13.169049565707978,97230,9.777981590483288,50688,5.097463034643803,21434,2.1555204917249693,16960,1.7055905355815753,157350,15.823978229584956,204644,20.58012202615306,180541,18.156192269129313,117462,11.812622375618101,17118,1.7214798813729602
3O4A4500.png,Slaty_Backed_Gull,161.8211564902787,69.66931049324403,192.0,8,254,-0.9670036348742299,-0.5437621227154588,2264818,148283,6.547236908219557,141606,6.2524229319971845,162539,7.17669146041757,90318,3.9878701070019758,23782,1.0500623008118093,65292,2.8828806553109345,263380,11.629190513321602,370410,16.354956557215637,728453,32.163864822692155,270755,11.954823743011579
3O4A4970.png,Slaty_Backed_Gull,116.94854537137073,81.14516704389831,82.0,10,248,0.11985094711621089,-1.7523132375762605,205482,28346,13.794882276793102,38828,18.89605902220146,32450,15.7921375108282,6643,3.2328865788730883,3006,1.4629018600169357,4550,2.2143058759404717,8676,4.222267643881216,24421,11.884739295899397,47098,22.920742449460292,11464,5.579077486105839
3O4A5274 2.png,Slaty_Backed_Gull,144.6447242615027,95.73196264404164,186.0,3,254,-0.29577214430402143,-1.6853632114929238,659955,115338,17.476646134963747,89620,13.579713768362994,44065,6.676970399496936,10305,1.561470100234107,4955,0.7508087672644347,27871,4.223166731064997,26697,4.045275814260063,25429,3.8531415020721114,86418,13.094529172443576,229257,34.738277609837034
3O4A6909.png,Slaty_Backed_Gull,178.7772436532358,78.68531932182833,214.0,4,254,-1.1904508774980178,-0.26918581772989425,454326,39725,8.7437214687251,36638,8.064253421551925,17052,3.7532520700994443,5228,1.1507155654750114,3499,0.7701518293031876,6437,1.4168240426477903,7382,1.6248244652518236,31029,6.829677368233384,156239,34.38918309759952,151097,33.257396671112815
3O4A7189.png,Slaty_Backed_Gull,105.97594038809126,76.53346089869201,134.0,1,237,-0.12201280280600081,-1.634908013967372,351876,106023,30.130784708249497,32940,9.361252259318624,5571,1.5832281826552534,3362,0.9554502154167945,4239,1.2046857415680523,63530,18.05465561731974,54098,15.374165899350908,41664,11.84053473382669,39199,11.140003864997897,1250,0.3552387772965476
3O4A7475.png,Slaty_Backed_Gull,118.46860690364223,74.98905369202583,152.0,0,230,-0.2830976822898883,-1.5847708019464388,1116599,183242,16.410725784278867,155538,13.929620212806926,97304,8.714319106501081,22792,2.041198317390576,17472,1.5647515356900732,68589,6.142670734972895,206598,18.502434625142957,202615,18.145726442527714,162358,14.540403493107194,91,0.00814974758171913
3O4A7515 2.png,Slaty_Backed_Gull,164.19610886597067,86.4247793247413,212.0,4,254,-0.6987757156649809,-1.2289658506053511,568883,54153,9.519180569642616,63218,11.112654095833415,30432,5.349430374962866,28002,4.922277515763347,8367,1.4707769435894553,7913,1.3909714299776932,18389,3.2324748674156196,26084,4.585125588214097,136906,24.065756930686977,195419,34.35135168391392
3O4A8271.png,Slaty_Backed_Gull,161.0504898860126,89.53957816922913,208.0,1,254,-0.5444834622424717,-1.3629666862395333,381007,43876,11.51579892232951,31056,8.151031345880783,27045,7.098294781985633,21798,5.721154729440666,10085,2.646932995981701,14249,3.7398263024038934,14494,3.804129582921049,16894,4.434039269619718,45430,11.923665444466899,156080,40.96512662497015
3O4A8300.png,Slaty_Backed_Gull,159.0239961887318,74.5747141674272,192.0,13,254,-0.655993292820281,-1.1520714985976621,648603,26471,4.081233050109235,63901,9.852097508028795,63271,9.75496567237586,35653,5.496891010371521,10294,1.5871033590655608,30092,4.639509838838242,39689,6.119151468617937,85316,13.153809032644007,157864,24.339079529388545,136052,20.976159530560295
3O4A8505.png,Slaty_Backed_Gull,123.25281618887016,77.8479726921096,99.0,0,248,0.10041289563471323,-1.5991920835861058,370625,40804,11.009510961214165,37196,10.036020236087689,69549,18.765328836424956,38773,10.461517706576728,14036,3.7871163575042157,11779,3.1781450252951093,14585,3.935244519392917,38839,10.479325463743676,69515,18.756155143338955,35549,9.591635750421586
3O4A8923.png,Slaty_Backed_Gull,173.70743981652083,81.8575577297843,216.0,10,254,-1.0311409223251375,-0.7086789439607699,2727285,198933,7.294177176202707,344491,12.631279825907448,112988,4.1428746903972264,18847,0.6910535569256605,12184,0.4467446563157133,16311,0.5980673086971109,74830,2.743754319772228,242259,8.882790027444877,629868,23.095056072247676,1076574,39.47420236608935
480 (14).png,Slaty_Backed_Gull,166.15780608485105,59.60246453969925,169.0,0,254,-0.5130039728914222,-0.6866252924322591,9499,76,0.8000842193915149,184,1.937046004842615,744,7.832403410885356,673,7.084956311190652,377,3.968838825139488,1422,14.969996841772817,1569,16.517528160859037,1061,11.169596799663124,979,10.306348036635434,2414,25.41320138961996
480 (21).png,Slaty_Backed_Gull,161.46350106307582,73.388297558268,188.0,0,254,-0.43749778131727113,-1.2366355707297239,5644,128,2.2678951098511693,365,6.467044649184975,461,8.167965981573353,566,10.02834868887314,439,7.778171509567683,458,8.114812189936217,270,4.78384124734231,345,6.11268603827073,1018,18.03685329553508,1594,28.242381289865342
480 (33).png,Slaty_Backed_Gull,165.42276557079134,70.82551296287035,191.0,0,254,-0.5219074065057244,-1.0676042266533368,6053,129,2.1311746241533123,340,5.6170493969932265,395,6.525689740624483,557,9.202048570956551,487,8.045597224516769,564,9.31769370560053,338,5.58400792995209,403,6.65785560878903,1091,18.02412027094003,1749,28.894762927473984
480 (34).png,Slaty_Backed_Gull,164.22938144329896,28.83096332086634,160.0,4,250,0.10571307576919528,0.2738680313679991,3104,2,0.06443298969072164,2,0.06443298969072164,4,0.12886597938144329,23,0.7409793814432989,71,2.2873711340206184,1014,32.66752577319588,901,29.027061855670105,669,21.552835051546392,376,12.11340206185567,42,1.3530927835051547
480 (40).png,Slaty_Backed_Gull,117.11385565418757,56.416537550768716,99.0,0,230,0.31290163151836836,-1.038632949872211,5182,145,2.7981474334233885,332,6.406792744114241,665,12.83288305673485,1464,28.251640293323042,646,12.466229255113856,368,7.101505210343497,254,4.901582400617522,624,12.041682747973756,678,13.083751447317638,6,0.11578541103820918
4D2A0481.png,Slaty_Backed_Gull,159.61796025365695,68.2779282342559,186.0,6,253,-0.655536429718855,-1.0346567189154054,829309,1742,0.2100543946828022,91185,10.995298495494442,59496,7.174165479935706,58670,7.0745644868197495,47662,5.747194350959655,34764,4.191923637630847,65699,7.92213758683434,134166,16.17804702469164,188874,22.774864375039943,147051,17.731750167910874
4D2A0606.png,Slaty_Backed_Gull,197.8558912565245,37.39400684723718,206.0,10,254,-0.9873122148241061,0.840202732247199,1201433,288,0.023971374183995278,1732,0.14416118085652715,5072,0.4221625342403613,14057,1.1700194684181309,17012,1.4159757556184989,130821,10.88874702126544,110008,9.156399066781086,230698,19.20190306076161,388805,32.36177131808432,302940,25.21488921979003
4D2A0742.png,Slaty_Backed_Gull,166.90397924685564,76.26303815402927,205.0,10,254,-0.7880278063456789,-0.8621816669773561,320337,22160,6.917714781620606,21331,6.658924819799148,19859,6.199408747662618,15515,4.843336860868399,5444,1.6994602559179863,26050,8.132060923340108,22893,7.146536303954898,19615,6.123238963966073,68915,21.513281325603973,98555,30.76603701726619
4D2A1343.png,Slaty_Backed_Gull,137.41234016150628,81.51860632697733,181.0,1,252,-0.3831014318374321,-1.555845014661468,214357,26354,12.294443381834977,27936,13.032464533465202,22676,10.578614181015782,5744,2.679641905792673,3058,1.4265920870323805,3089,1.4410539427217213,10368,4.8367909608736825,48769,22.751298068175988,45198,21.08538559505871,21165,9.873715344028886
4D2A1398.png,Slaty_Backed_Gull,153.92117235610496,63.0751548881027,177.0,0,253,-1.0265093044735059,-0.2182248012680299,528406,31716,6.002202851595175,28876,5.4647373421195065,34781,6.582249255307472,18375,3.4774396959913396,14286,2.703602911397675,42402,8.024511455206792,78463,14.848998686615975,145466,27.529210493446328,125804,23.808208082421473,8237,1.5588392258982677
4D2A1460 2.png,Slaty_Backed_Gull,148.29594862924785,76.9175802682011,158.0,0,254,-0.314707210242666,-1.2466357202044924,273463,27038,9.887260799450017,13155,4.810522812958243,11545,4.221777717643703,36995,13.528338385814534,21971,8.034359310034631,20218,7.393321948490289,15931,5.825651002146542,26486,9.685405338199319,35942,13.143277152667821,64182,23.470085532594904
4D2A1560.png,Slaty_Backed_Gull,148.2258294164065,72.80550835096398,176.0,7,254,-0.6690656695345942,-1.0114917082072703,932704,86242,9.246449034205922,70909,7.602519127182901,73923,7.925665591656088,46431,4.978106666209215,13455,1.4425798538443064,32725,3.5086158095172744,128371,13.763316121727796,214559,23.003975537791195,168231,18.03691203211308,97858,10.491860225752221
4D2A1722.png,Slaty_Backed_Gull,119.24093045795978,85.82729404474702,145.0,0,254,-0.03858660075586616,-1.7168373333381834,309525,57538,18.58912850335191,66937,21.625716824166062,14050,4.5392133107180355,3369,1.0884419675308943,2473,0.7989661578224699,14033,4.533721024149908,26892,8.688151199418463,45576,14.724497213472256,45596,14.73095872708182,33061,10.681205072288183
4D2A1749.png,Slaty_Backed_Gull,134.71219606342672,85.7277618004192,172.0,5,254,-0.16638994887833078,-1.7067949230863844,295333,41391,14.015027104996733,33109,11.210735000829573,37024,12.536357264511585,20186,6.834996427761205,5789,1.9601602259144761,4731,1.6019205439283792,6900,2.3363457520832416,27824,9.421229595067263,70400,23.83749868792177,47979,16.245729396985777
4D2A2396 5.png,Slaty_Backed_Gull,167.14517008180906,69.99513068702494,175.0,2,254,-0.588401799190989,-0.6689271971731152,414624,18717,4.5142104653855055,21436,5.169985336111754,13930,3.359670448406267,19681,4.746710272439608,24760,5.971675542177973,61020,14.716948367677704,47572,11.473527822798488,39241,9.46423747781122,46912,11.314347456973065,121355,29.268686810218412
4D2A5969 - Version 2.png,Slaty_Backed_Gull,193.23551206524965,65.50662427707691,224.0,0,254,-1.454475451862913,0.7428327622295257,845859,10414,1.231174462883294,55678,6.582420947226429,20718,2.449344394278479,27199,3.2155477449551286,29678,3.508622595491684,43560,5.149794469290981,21582,2.5514890779668953,27985,3.30847103358834,198342,23.44858894922203,410703,48.55454632509674
4D2A6625.png,Slaty_Backed_Gull,132.14127435687354,75.9193844908733,155.0,0,254,-0.3853157465036129,-1.1692094911353221,723769,101451,14.01704134882815,82368,11.380426627832914,29786,4.115401460963374,17198,2.376172508079235,28475,3.9342663197788244,69859,9.652112759734115,166264,22.97197033860251,79291,10.95529098372547,78335,10.82320464125985,70742,9.77411301119556
4D2A6730.png,Slaty_Backed_Gull,56.5434474706446,53.42102005173001,26.0,0,186,0.7103202643736548,-1.233178438829254,405973,190737,46.9826811142613,64301,15.838738044155646,18461,4.547346744734256,15194,3.742613425030729,18556,4.5707473157081875,93447,23.01803321895791,5191,1.2786564623755767,86,0.021183674776401387,0,0.0,0,0.0
4D2A6769.png,Slaty_Backed_Gull,148.13331588858262,64.66966947235133,177.0,12,241,-0.7950369513735892,-0.9772298017150765,622919,17704,2.842103066369785,62747,10.07305925810579,79939,12.832968652425114,13051,2.095135964708092,7274,1.1677280673731254,18446,2.9612196770366612,93744,15.049147641988766,195365,31.36282566433196,124387,19.968406807305605,10262,1.6474052003551023
4D2A6894.png,Slaty_Backed_Gull,137.29052065144685,89.09245103144481,183.0,0,253,-0.29956058262994567,-1.6554745566237714,399173,76332,19.122535842855104,36032,9.02666262497714,38634,9.67851032008678,11918,2.985672878676664,3304,0.8277112930984811,10801,2.705844333158806,15958,3.9977653799229906,38811,9.72285199650277,86403,21.64550207554118,80980,20.286943255180084
4D2A7037.png,Slaty_Backed_Gull,99.2273919873997,78.63765543018314,52.0,6,240,0.29975932069816386,-1.7027086676466288,497766,101487,20.388495799230963,138507,27.8257253408228,33090,6.647701932233218,6578,1.3215044820256907,5195,1.043663086671247,12412,2.493541141821659,53357,10.719293804719486,75930,15.254155567073685,70370,14.137164852561243,840,0.16875399284000916
4D2A7085 2.png,Slaty_Backed_Gull,140.2235866934632,94.70239937403126,173.0,3,254,-0.16099081856172787,-1.6931286577599174,662772,118441,17.870549751649133,72899,10.999106781819389,65420,9.8706644215507,27517,4.151804843898053,10807,1.6305758239635955,13912,2.099062724436156,28262,4.264211523721582,43372,6.544030224571949,81497,12.296385483997513,200645,30.27360842039193
4D2A7142.png,Slaty_Backed_Gull,102.33345359144522,84.9119243696401,50.0,5,254,0.4070941219526892,-1.5758717241426383,315987,62247,19.699228132802933,94276,29.835404621076183,19747,6.2493077246848765,4789,1.5155686784582911,3417,1.0813736008126917,14790,4.680572302025084,13585,4.299227499865501,33538,10.613727779940314,37850,11.978340881112198,31748,10.047248779221931
4D2A7188.png,Slaty_Backed_Gull,143.2381766626995,88.71281326849052,187.0,0,254,-0.5084751853847631,-1.4909547123305429,604123,108218,17.913239522415136,58768,9.727820327979567,40295,6.669999321330258,8472,1.4023634259910647,7497,1.2409724509743876,9897,1.6382425433231311,28985,4.797864011136805,78770,13.038735489296055,147867,24.476306977221526,115354,19.094455930332067
4D2A7233.png,Slaty_Backed_Gull,151.07915571527403,72.54840304579682,165.0,8,254,-0.42359377692836786,-1.0677130268461987,683703,48540,7.099573937806328,42487,6.214247999496857,45964,6.722802152396581,60466,8.843898593395085,17407,2.5459885359578647,80061,11.709909127208745,80689,11.801761876136275,87953,12.864211507043263,85407,12.491827591805214,134729,19.705778678753784
4D2A7246 2.png,Slaty_Backed_Gull,142.95232101977373,82.1278893386108,179.0,0,254,-0.3789313830907251,-1.5007739075900621,781036,104262,13.34919261083996,51404,6.581514808536354,94111,12.049508601396095,44030,5.637384192277948,9266,1.1863729712842943,42502,5.441746603229556,36231,4.638838670688675,86814,11.11523668563293,173570,22.223047337126587,138846,17.7771575189876
4D2A7264.png,Slaty_Backed_Gull,148.1824655102637,87.64949256182192,190.0,4,254,-0.4661961606212428,-1.4579767140948632,639973,96208,15.0331342103495,48480,7.575319583794942,59633,9.318049355207172,24654,3.8523500210165116,8450,1.3203682030335655,15979,2.496824084766076,24858,3.8842263657998073,83249,13.008205033649858,116700,18.23514429514995,161762,25.276378847232618
4D2A7433.png,Slaty_Backed_Gull,107.22673980810494,76.17610174935375,133.0,0,254,-0.07793523248843387,-1.468986479000524,494020,122558,24.80830735597749,56668,11.470790656248735,24390,4.937047083114044,11818,2.392210841666329,7648,1.5481154609125136,69590,14.086474231812476,98976,20.03481640419416,56992,11.536375045544716,22511,4.556698109388284,22869,4.62916481114125
4D2A7499.png,Slaty_Backed_Gull,153.2361213030206,78.55407827060762,192.0,3,254,-0.6608281597549026,-1.0913065245395195,434713,46512,10.699472985624999,24869,5.720785897822242,39407,9.065061316316744,21761,5.005831433612521,7703,1.7719736929882473,16724,3.847135926461827,16947,3.898434139305703,105129,24.183541785039786,92887,21.367430925691203,62774,14.440331897136732
4D2A9502.png,Slaty_Backed_Gull,109.90694379018885,77.8567131637308,120.0,0,234,-0.04007051967197826,-1.6576334382983098,522222,111913,21.430158055386407,69676,13.342218443497211,49884,9.552259383940163,21491,4.1152996235317545,10298,1.9719582859396962,23525,4.504789150974107,64933,12.433984014461283,98263,18.816327155883897,69887,13.382622716009665,2352,0.4503831703758172
4D2A9772 2.png,Slaty_Backed_Gull,141.0705074550842,79.81264607704112,140.0,5,254,-0.15297804351378003,-1.391270315216949,698919,75694,10.830153422642681,51303,7.340335575367103,37592,5.378591796760426,85143,12.182098354744971,70596,10.10074128761702,54600,7.812064058925284,41754,5.974082833633082,24816,3.550626038210437,89050,12.74110447705671,168371,24.090202155042288
4D2A9775.png,Slaty_Backed_Gull,138.15385536928997,74.55100355616632,137.0,13,254,-0.04117852887227146,-1.3913915717297172,609345,26014,4.269174277297754,75347,12.365244647941642,50535,8.293331364005613,71745,11.77411811043005,46961,7.706799924509104,73512,12.06410161731039,42029,6.8974062312811295,29325,4.812544617581174,69859,11.464605436985616,124018,20.352673772657525
4D2A9946.png,Slaty_Backed_Gull,122.70104220046936,63.539537935884226,111.0,6,246,-0.002236225617966552,-1.5960322358892691,306371,2339,0.7634534600206939,47925,15.642799089992199,43264,14.121440998005685,52557,17.1546915341204,12025,3.9249798446980946,12634,4.123758449722722,25037,8.172118118229205,76008,24.80913663499483,33814,11.036945402795958,768,0.25067646742021926
FS7E2526.png,Slaty_Backed_Gull,80.75010354979906,76.96202457319527,34.0,3,253,0.6814631563656419,-1.3282936305284843,178658,58167,32.557736009582555,48536,27.16698944351778,6916,3.871083298816733,4939,2.7644997705112564,2756,1.542612141633736,2286,1.2795396791635416,8983,5.028042405042036,32099,17.966729729427175,12952,7.249605391306295,1024,0.5731621309988918
FS7E2531.png,Slaty_Backed_Gull,144.42742629671284,84.61557709749306,190.0,0,251,-0.36553777472492227,-1.6392270193593819,606418,50105,8.262452631683097,99180,16.355055423816577,70186,11.573864891873262,11155,1.839490252598043,12892,2.125926341236573,16675,2.7497534703785176,19781,3.2619414331368795,48782,8.044286284378103,144525,23.832570932920856,133137,21.954658337978096
FS7E2548.png,Slaty_Backed_Gull,151.90096928036428,72.77551036174334,177.0,0,254,-0.6708427356738118,-1.0163635643720588,459413,31169,6.784527211898663,43640,9.499078171492753,37165,8.089670949668381,10951,2.383693974702501,11000,2.394359759083874,37593,8.182833311203645,49021,10.670355431822783,77478,16.864564128572766,100080,21.784320426283106,61316,13.346596635271531
FS7E2560.png,Slaty_Backed_Gull,160.38558072521178,67.70937470699874,197.0,0,248,-0.6518832312643089,-1.1457630474738616,564966,9164,1.6220445124131364,25043,4.432656124439347,74777,13.235663739056863,48381,8.563524176676118,15190,2.688657370532032,35853,6.346045602744237,37370,6.614557336193682,42179,7.465759001426635,201900,35.736663799237476,75109,13.294428337280472
005.png,Glaucous_Winged_Gull,189.58431228239024,41.894468683084135,182.0,89,254,5.505557032074264e-05,-1.56940972711182,35327,0,0.0,0,0.0,0,0.0,12,0.03396835281795794,1124,3.1817023806153935,6303,17.841877317632406,9592,27.152036685821045,1766,4.999009256376143,4915,13.912871175021937,11615,32.878534831715115
006.png,Glaucous_Winged_Gull,95.61106815420302,30.23806928500791,99.0,20,183,-0.0002480105269381821,-0.053410001090895776,18106,26,0.14359880702529548,1461,8.06914834861372,2975,16.431017342317464,4803,26.52711808240362,6482,35.80028719761405,1464,8.085717441732022,834,4.606207886888324,61,0.33690489340550095,0,0.0,0,0.0
008.png,Glaucous_Winged_Gull,171.08587890982258,32.441822758341374,168.0,12,252,-0.18951118103463047,0.34647731486628786,21868,1,0.004572891896835559,8,0.03658313517468447,88,0.4024144869215292,455,2.0806658130601794,935,4.275653923541248,3124,14.285714285714285,8159,37.31022498628133,4619,21.12218767148345,3226,14.752149259191514,1253,5.729833546734955
009.png,Glaucous_Winged_Gull,156.4800714019289,61.7244469651804,147.0,0,254,0.21907331254504192,-1.3460806884415184,37534,65,0.17317632013640966,41,0.10923429423988916,1364,3.634038471785581,8687,23.144349123461396,4054,10.80087387435392,4963,13.222678105184633,4274,11.38700911173869,2774,7.3906324932061604,2548,6.7885117493472595,8764,23.349496456546063
010.png,Glaucous_Winged_Gull,194.76023391812865,33.76530284233182,193.0,0,254,-1.1519336801885622,3.4610162138481977,15219,14,0.09199027531375255,45,0.29568302779420463,110,0.7227807346080558,130,0.8541954136277021,267,1.7543859649122806,669,4.3958210132071756,987,6.485314409619554,7119,46.77705499704317,2892,19.002562586240884,2986,19.62021157763322
011.png,Glaucous_Winged_Gull,173.93849046467903,58.541491505639,189.0,24,252,-0.603732520030711,-0.7616180302942994,52122,2,0.0038371512988757146,1430,2.743563178696136,2336,4.481792717086835,2654,5.091899773608073,6201,11.897087602164154,4929,9.456659376079198,4695,9.00771267411074,7250,13.909673458424464,8934,17.140554852077816,13691,26.267219216453704
012.png,Glaucous_Winged_Gull,209.68054414784393,39.523558219421815,219.5,117,254,-0.4221067126387724,-1.3522181381148355,19480,0,0.0,0,0.0,0,0.0,0,0.0,9,0.04620123203285421,1601,8.218685831622178,3735,19.173511293634498,2398,12.31006160164271,2364,12.13552361396304,9373,48.116016427104725
014.png,Glaucous_Winged_Gull,182.7074001356513,29.70345773266574,185.0,0,254,-0.9003979018546111,3.7912581375434735,140065,26,0.018562810123871062,101,0.07210937778888374,972,0.6939635169385642,2789,1.991218362902938,2367,1.6899296755077997,5523,3.9431692428515333,23466,16.753650091029165,82159,58.657766037197014,12281,8.768071966586941,10381,7.411558919073287
017.png,Glaucous_Winged_Gull,186.17373737373737,52.624908139384175,191.0,0,254,-0.17002146410132346,-1.4308601035545232,82665,61,0.07379181031875642,27,0.0326619488296135,32,0.03871045787213452,480,0.5806568680820178,16426,19.87056190649005,9906,11.983306115042643,8735,10.56674529728422,8427,10.194157140264924,9794,11.84781951249017,28777,34.811588943325475
018.png,Glaucous_Winged_Gull,195.87912185847543,31.177235240356886,197.0,0,254,-0.26513974094983356,0.09245429828191787,33662,11,0.03267779692234567,10,0.02970708811122334,6,0.017824252866734003,21,0.06238488503356901,106,0.3148951339789674,2731,8.113005763175094,5064,15.043669419523498,10082,29.950686233735368,9592,28.495038916285427,6039,17.940110510367774
019.png,Glaucous_Winged_Gull,149.86980512677238,26.3573972924943,142.0,105,248,1.4199593214899024,1.4816739276874795,14317,0,0.0,0,0.0,0,0.0,0,0.0,995,6.949779981839771,8095,56.54117482712859,3033,21.18460571348746,1073,7.494586854788015,824,5.755395683453238,297,2.0744569393029266
020.png,Glaucous_Winged_Gull,172.83977402980187,25.553328712713927,166.0,99,254,0.405777000133054,0.713848263608948,12214,0,0.0,0,0.0,0,0.0,26,0.2128704765023743,350,2.865564106762731,844,6.910103160307843,6795,55.632880301293596,2192,17.94661863435402,1585,12.976911740625512,422,3.4550515801539214
022.png,Glaucous_Winged_Gull,187.81290006777618,26.31349041577654,190.0,0,253,-0.9098547165622682,2.9018960631351938,26558,30,0.11296031327660215,10,0.037653437758867384,16,0.060245500414187816,31,0.1167256570524889,108,0.40665712779576774,2368,8.916334061299796,4042,15.219519542134197,11085,41.73883575570449,7504,28.255139694254083,1364,5.135928910309511
023.png,Glaucous_Winged_Gull,183.79143117156815,37.47235036929604,195.0,0,254,-1.3026559573701442,2.165077247771336,41756,60,0.14369192451384233,137,0.3280965609732733,649,1.554267650158061,930,2.227224829964556,1133,2.713382507903056,3740,8.956796628029505,6055,14.500910048855253,12954,31.023086502538554,13324,31.909186703707253,2774,6.643356643356643
024.png,Glaucous_Winged_Gull,183.77832642201395,37.26982507391941,195.0,2,254,-1.262822089343462,1.905311113677456,41719,19,0.04554279824540377,159,0.38112131163258944,665,1.5939979385891319,927,2.222009156499437,1150,2.756537788537597,3734,8.95035834991251,6052,14.506579735851771,12954,31.050600445840026,13322,31.93269253817206,2737,6.56055993671948
025.png,Glaucous_Winged_Gull,169.47596048298573,33.475590719546496,172.0,2,254,-0.34669318828494883,1.2246432018893119,4555,4,0.08781558726673984,13,0.2854006586169045,36,0.7903402854006586,59,1.2952799121844127,148,3.249176728869374,1027,22.546652030735455,1145,25.13721185510428,1434,31.48188803512624,496,10.88913282107574,193,4.237102085620197
026.png,Glaucous_Winged_Gull,157.09851239669422,51.65270753923887,156.0,90,254,0.19268984410382053,-1.4868279091260217,3025,0,0.0,0,0.0,0,0.0,465,15.37190082644628,789,26.08264462809917,212,7.008264462809917,201,6.644628099173554,564,18.644628099173556,457,15.107438016528926,337,11.140495867768594
028.png,Glaucous_Winged_Gull,157.03111022229723,32.9148503941739,161.0,2,246,-0.5604717515113348,-0.2875140160562397,2880243,1904,0.06610553345672569,2173,0.07544502321505513,18570,0.644737266959767,140689,4.88462258219185,348633,12.104291200429964,609888,21.174880036163614,706756,24.5380684893601,843601,29.28923011009835,207959,7.220189407629843,70,0.0024303504947325626
030.png,Glaucous_Winged_Gull,183.04474474474475,26.57330691785387,176.0,113,254,0.6445021547295516,-0.2160359663156779,3330,0,0.0,0,0.0,0,0.0,0,0.0,18,0.5405405405405406,157,4.714714714714715,1474,44.26426426426426,789,23.693693693693692,573,17.207207207207205,319,9.57957957957958
032.png,Glaucous_Winged_Gull,192.6234761772395,18.631876260095815,193.0,157,248,-0.1980644777195094,-1.1158615366796232,1421015,0,0.0,0,0.0,0,0.0,0,0.0,0,0.0,0,0.0,296563,20.869800811391855,555389,39.083964630915226,562672,39.596485610637465,6391,0.44974894705544977
033.png,Glaucous_Winged_Gull,177.14462345447734,32.88201244381803,169.0,126,254,0.6931203322080165,-0.5326584606255884,2669,0,0.0,0,0.0,0,0.0,0,0.0,0,0.0,525,19.67028849756463,1046,39.190708130385914,466,17.459722742600224,275,10.303484451105282,357,13.375796178343949
034.png,Glaucous_Winged_Gull,208.34678076609617,40.329237381359476,207.0,47,254,-0.532851270057042,-0.42345665891794004,17178,0,0.0,1,0.005821399464431249,34,0.19792758179066247,91,0.5297473512632437,342,1.9909186168354873,845,4.919082547444406,2139,12.451973454418443,4077,23.733845616486203,2533,14.745604843404356,7116,41.425078588892774
035.png,Glaucous_Winged_Gull,183.8231598486471,34.551404116868255,186.0,21,254,-0.33793840273354825,-0.3219889869150534,28014,3,0.010708931248661383,11,0.03926608124509174,56,0.19990004997501248,272,0.970943099878632,718,2.5630042121796244,3801,13.568215892053972,6687,23.87020775326622,5937,21.19297494110088,6608,23.588205897051473,3921,13.996573142000429
036.png,Glaucous_Winged_Gull,177.53771289537713,41.42897161225021,185.5,43,251,-0.21123815809286192,-1.280072415169168,12330,0,0.0,5,0.04055150040551501,18,0.145985401459854,145,1.1759935117599352,1129,9.156528791565288,3292,26.699107866991078,946,7.672343876723439,1836,14.890510948905108,3321,26.934306569343065,1638,13.284671532846716
037.png,Glaucous_Winged_Gull,175.357458375807,16.65632659665422,175.0,133,239,-0.012354550795542277,0.020251788865796705,2943,0,0.0,0,0.0,0,0.0,0,0.0,0,0.0,194,6.591913013931363,1214,41.25042473666327,1325,45.022086306489975,206,6.9996602106693855,4,0.13591573224600748
039.png,Glaucous_Winged_Gull,173.05515239477504,47.60082321650252,193.0,46,240,-0.6266171651307074,-1.0883268790349567,20670,0,0.0,6,0.029027576197387515,272,1.315916787614901,1361,6.584421867440736,3863,18.68892114175133,1143,5.529753265602323,1243,6.013546202225448,3836,18.558297048863086,7679,37.15045960328979,1267,6.129656507014998
040.png,Glaucous_Winged_Gull,196.3097137014315,30.21423315581759,187.0,117,254,0.2000725589167905,-1.259312161363867,19560,0,0.0,0,0.0,0,0.0,0,0.0,2,0.010224948875255624,578,2.955010224948875,5832,29.8159509202454,4285,21.906952965235174,4229,21.620654396728018,4634,23.69120654396728
041.png,Glaucous_Winged_Gull,180.98489064205967,33.853692574091795,174.0,2,254,0.37253022288442933,-0.07603294830727503,28393,8,0.028175958863100058,15,0.05282992286831261,28,0.09861585602085023,98,0.34515549607297574,110,0.3874194343676258,4028,14.18659528757088,10256,36.12157926249427,6338,22.322403409291024,3357,11.823336737928363,4155,14.633888634522593
042.png,Glaucous_Winged_Gull,171.42179682401567,40.02806318149593,165.0,0,254,0.17125289745874397,-0.570808119438599,9194,6,0.06525995214270176,2,0.021753317380900587,4,0.04350663476180117,237,2.5777681096367195,572,6.2214487709375685,2242,24.38546878398956,2304,25.05982162279748,1396,15.18381553186861,1159,12.606047422231889,1272,13.835109854252773
043.png,Glaucous_Winged_Gull,200.57813378302416,32.32970769532366,205.0,2,254,-0.4904300466061988,-0.30933497670685517,35580,5,0.014052838673412029,6,0.016863406408094434,9,0.02529510961214165,27,0.07588532883642496,67,0.1883080382237212,3182,8.943226531759416,4465,12.54918493535694,7545,21.205733558178753,11415,32.08263069139966,8859,24.898819561551434
044.png,Glaucous_Winged_Gull,200.5633363319465,32.38077557384725,205.0,2,254,-0.4977771322415851,-0.2907286578699817,35572,5,0.014055999100416057,6,0.01686719892049927,9,0.025300798380748907,32,0.08995839424266276,82,0.23051838524682333,3169,8.908692229843696,4450,12.50983919937029,7545,21.210502642527832,11415,32.08984594624986,8859,24.904419206117172
045.png,Glaucous_Winged_Gull,181.59209900047597,40.78434741809254,173.0,0,254,0.04087548974574364,-0.012850245163963159,18909,20,0.10576973927759269,13,0.06875033053043525,143,0.7562536358347877,253,1.3379872018615475,166,0.8778888360040192,3304,17.47316092865831,5924,31.328996774022954,3449,18.239991538420856,1920,10.153894970648897,3717,19.6573060447406
046.png,Glaucous_Winged_Gull,183.58700429004918,39.59946860996985,174.0,0,254,0.0973467020646023,-0.11198723346104211,19114,23,0.12033064769279062,11,0.057549440200899867,81,0.4237731505702626,131,0.6853615151198075,135,0.7062885842837711,3289,17.20728262006906,5919,30.966830595375118,3488,18.248404310976248,2159,11.295385581249347,3878,20.288793554462696
050.png,Glaucous_Winged_Gull,164.25064164260507,42.11568175933385,164.0,1,245,-0.3206450848240602,-0.19398123660429611,12468,76,0.6095604748155278,13,0.1042669233237087,13,0.1042669233237087,813,6.520692974013474,1327,10.643246711581648,2547,20.428296438883542,2498,20.035290343278795,1983,15.904716073147258,2211,17.733397497593838,987,7.916265640038499
051.png,Glaucous_Winged_Gull,184.01037663335896,39.70477002106174,188.0,1,248,-1.1756954813284208,2.1029298702349806,5204,36,0.6917755572636434,20,0.3843197540353574,4,0.07686395080707148,96,1.8447348193697155,339,6.514219830899308,296,5.687932359723289,1139,21.887009992313605,1154,22.17524980784012,1367,26.26825518831668,753,14.469638739431206
052.png,Glaucous_Winged_Gull,188.7584313118812,24.354490579780222,187.0,12,254,0.24316096398583611,1.6871364049866848,25856,4,0.01547029702970297,5,0.019337871287128713,5,0.019337871287128713,21,0.0812190594059406,72,0.27846534653465344,1119,4.327815594059406,4706,18.200804455445542,14199,54.91568688118812,3273,12.658570544554456,2452,9.48329207920792
053.png,Glaucous_Winged_Gull,195.96815613764767,28.262884615668867,195.0,0,254,-0.03778968767715123,-0.21007293968485508,42834,1,0.0023345940141009476,5,0.01167297007050474,23,0.0536956623243218,33,0.07704160246533129,47,0.10972591866274455,1637,3.8217304010832516,8730,20.381005743101273,13041,30.445440537890462,11727,27.377784003361818,7590,17.719568567026194
055.png,Glaucous_Winged_Gull,157.33464820479793,25.423629988548267,155.0,84,252,0.5217145815897652,0.409010015562727,12422,0,0.0,0,0.0,0,0.0,29,0.23345677024633715,921,7.414265013685396,4209,33.883432619545964,4230,34.052487522138144,2394,19.27225889550797,435,3.5018515536950576,204,1.6422476251811302
058.png,Glaucous_Winged_Gull,206.64968785471055,29.811315640167315,214.0,36,254,-1.1212540383046905,1.6037346271673565,7048,0,0.0,6,0.0851305334846765,11,0.1560726447219069,7,0.09931895573212259,21,0.29795686719636777,366,5.192962542565267,656,9.307604994324631,1149,16.30249716231555,2535,35.967650397275825,2297,32.59080590238366
059.png,Glaucous_Winged_Gull,186.76900283432104,33.67235851047666,186.0,97,254,-0.14582691754677518,-0.893151809799877,7762,0,0.0,0,0.0,0,0.0,1,0.012883277505797475,224,2.885854161298634,965,12.432362793094564,1736,22.365369750064417,1806,23.26719917547024,1868,24.065962380829685,1162,14.970368461736665
061.png,Glaucous_Winged_Gull,176.957700054935,56.52979636830786,189.0,50,254,-0.5111906159419592,-0.982297659460428,5461,0,0.0,0,0.0,309,5.658304339864493,429,7.85570408350119,409,7.489470792895074,627,11.48141366050174,562,10.291155466031862,655,11.994140267350302,969,17.744002929866326,1501,27.485808459989013
062.png,Glaucous_Winged_Gull,215.543523781035,22.598808317885503,218.0,7,254,-1.3667243421746316,3.7370217212671895,16715,1,0.005982650314089142,0,0.0,1,0.005982650314089142,17,0.10170505533951539,64,0.3828896201017051,191,1.142686209991026,728,4.355369428656895,1709,10.224349386778343,8866,53.04217768471433,5138,30.738857313790007
063.png,Glaucous_Winged_Gull,197.72753227801923,35.5160928152841,202.0,0,254,-0.3392265421718029,-0.619719476251837,31523,5,0.01586143450813692,12,0.0380674428195286,14,0.044412016622783365,17,0.05392887732766551,25,0.07930717254068458,3785,12.007105922659646,4743,15.046156774418678,6412,20.34070361323478,8401,26.650382260571646,8109,25.72407448529645
064.png,Glaucous_Winged_Gull,211.4423661188184,36.90131011025118,220.0,0,254,-0.9108728338101211,0.3304272636172416,27319,12,0.04392547311395,8,0.029283648742633332,13,0.04758592920677916,75,0.27453420696218744,240,0.8785094622790001,2103,7.697939163219737,2426,8.880266481203558,3682,13.477799333796991,6440,23.573337237819832,12320,45.09681906365533
065.png,Glaucous_Winged_Gull,183.0693587146021,46.69216645774476,191.0,1,254,-0.5521261064885212,-0.5702618385685922,21223,1,0.004711869198511049,25,0.11779672996277624,289,1.3617301983696932,812,3.8260377891909716,1515,7.13848183574424,2713,12.783301135560476,3145,14.818828629317249,3387,15.959100975356924,4207,19.822833718135985,5129,24.16717711916317
067.png,Glaucous_Winged_Gull,187.83425118183146,27.660288121728176,189.0,101,254,-0.1422208349743206,-0.300967189795351,20519,0,0.0,0,0.0,0,0.0,0,0.0,199,0.9698328378575954,1695,8.260636483259418,4426,21.57025196159657,7181,34.99683220429846,4976,24.250694478288416,2042,9.951752034699547
068.png,Glaucous_Winged_Gull,209.75047525935582,31.66344876149313,210.0,78,254,-0.7141056541587709,0.24591790341365538,18411,0,0.0,0,0.0,0,0.0,17,0.09233610341643582,112,0.6083319754494596,1040,5.648796914887839,1197,6.5015479876160995,3163,17.17994677095215,7001,38.02618000108631,5881,31.94286024659171
069.png,Glaucous_Winged_Gull,175.47490084985836,31.26893432602642,171.0,63,252,-0.03500536943824633,-0.1399986855284454,8825,0,0.0,0,0.0,13,0.14730878186968838,106,1.2011331444759208,238,2.696883852691218,1368,15.5014164305949,2983,33.80169971671388,2006,22.730878186968837,1530,17.3371104815864,581,6.5835694050991505
070.png,Glaucous_Winged_Gull,180.82364009257344,30.101544760096488,177.0,3,254,0.3735472730392206,-0.5718848970940975,53147,2,0.0037631474965661277,2,0.0037631474965661277,5,0.009407868741415321,16,0.030105179972529022,102,0.19192052232487253,7587,14.275500028223606,17971,33.813761830394945,11258,21.182757258170735,11849,22.294767343406026,4355,8.194253673772742
072.png,Glaucous_Winged_Gull,178.52216849883683,47.09649578238425,180.0,0,254,-0.2467553659019537,-0.830937970489221,43846,46,0.10491264881631163,16,0.03649135611002144,279,0.6363180221684989,1864,4.2512429868174975,3918,8.9358208274415,7142,16.28882908361082,7278,16.599005610546,6167,14.06513707065639,8219,18.74515349176664,8917,20.337088902066323
073.png,Glaucous_Winged_Gull,167.20846166315448,33.203015715472446,157.0,16,252,0.49578524818815217,0.012143479827305459,6169,2,0.03242016534284325,2,0.03242016534284325,5,0.08105041335710812,48,0.7780839682282379,365,5.916680175068892,1382,22.402334251904684,2476,40.13616469443994,591,9.58015885881018,834,13.519208947965636,464,7.521478359539634
075.png,Glaucous_Winged_Gull,135.21139693238874,39.00133305970308,123.0,70,217,0.29640943752783344,-1.4089155378208391,29078,0,0.0,0,0.0,24,0.08253662562762226,7146,24.57528028062453,7539,25.926817525276842,2817,9.687736433042163,4533,15.589105165417152,6043,20.782034527821722,976,3.356489442189972,0,0.0
076.png,Glaucous_Winged_Gull,191.4686166971359,30.400890748359068,194.0,101,254,-0.3129785371979675,-0.2712710760470669,8205,0,0.0,0,0.0,0,0.0,0,0.0,25,0.30469226081657524,1044,12.723948811700184,832,10.140158439975625,3239,39.47592931139549,1884,22.961608775137112,1181,14.393662400975016
079.png,Glaucous_Winged_Gull,158.8175002928429,31.215067232555064,150.0,71,239,0.689663508571094,-0.11110564815639057,8537,0,0.0,0,0.0,6,0.07028230057397211,90,1.0542345086095817,488,5.716293780016399,3674,43.0361953847956,2014,23.591425559329977,1017,11.912849947288274,874,10.237788450275271,374,4.380930069110929
080.png,Glaucous_Winged_Gull,189.85051055398918,32.46166619392167,181.0,12,254,0.07304987276571825,-0.6085712038011661,52492,6,0.011430313190581421,7,0.01333536538901166,54,0.1028728187152328,58,0.11049302750895373,418,0.7963118189438391,3933,7.4925702964261225,16106,30.682770707917395,12177,23.197820620284997,8529,16.248190200411493,11204,21.344204831212373
081.png,Glaucous_Winged_Gull,193.0631244985778,37.71271168575923,201.0,2,254,-0.3771836150895419,-0.9189090295379971,27422,11,0.040113777259135,30,0.10940121070673182,18,0.06564072642403909,13,0.04740719130625046,107,0.39019765152067687,5188,18.91911603821749,4603,16.78579242943622,3430,12.508205090803004,5611,20.461673109182406,8411,30.672452775144045
082.png,Glaucous_Winged_Gull,123.56929119132224,20.93553955503352,123.0,30,224,1.360438937117829,4.627043063341921,5347,0,0.0,9,0.1683186833738545,33,0.6171685057041332,296,5.53581447540677,2725,50.96315691041705,1891,35.365625584439876,182,3.403777819337946,142,2.6556947821208157,69,1.290443239199551,0,0.0
083.png,Glaucous_Winged_Gull,146.1886415963162,35.86641061649243,139.0,4,254,0.3453354521360924,0.24757999523535856,13030,25,0.19186492709132769,37,0.283960092095165,118,0.9056024558710667,872,6.69224865694551,1393,10.69071373752878,6608,50.71373752877973,1092,8.380660015349193,1210,9.28626247122026,1462,11.220260936300845,213,1.634689178818112
084.png,Glaucous_Winged_Gull,180.49772267206478,35.605469038924255,176.0,127,254,0.47814566505573736,-0.7890380809864754,31616,0,0.0,0,0.0,0,0.0,0,0.0,0,0.0,7310,23.121204453441297,7894,24.968370445344128,7727,24.440156882591094,3625,11.465713562753036,5060,16.004554655870447
085.png,Glaucous_Winged_Gull,186.06174925552915,52.310750134571904,202.0,2,254,-1.0557826677838174,0.22537169987784722,59774,4,0.006691872720580855,510,0.853213771874059,3422,5.7248971124569215,2341,3.9164185097199455,690,1.1543480443001974,6226,10.4158998895841,7065,11.819520192725934,8682,14.524709740020745,11861,19.84307558470238,18973,31.741225281895137
086.png,Glaucous_Winged_Gull,184.673314339981,48.8030367025385,195.0,3,254,-0.7334009042041211,-0.07021308542796767,10530,18,0.17094017094017094,20,0.1899335232668566,315,2.9914529914529915,352,3.3428300094966765,620,5.887939221272555,1131,10.74074074074074,1453,13.798670465337132,1705,16.191832858499524,2476,23.513770180436847,2440,23.171889838556506
088.png,Glaucous_Winged_Gull,223.71234281233978,26.305379898656557,227.0,0,254,-1.3223862398821453,3.2029249756444216,33161,7,0.02110913422393776,4,0.012062362413678718,15,0.04523385905129519,28,0.08443653689575104,54,0.1628418925846627,499,1.50477971110642,1023,3.0849491872983323,3162,9.535297488013027,10795,32.55330056391544,17574,52.99598926449745
089.png,Glaucous_Winged_Gull,233.48362584706115,24.650022913667907,241.0,127,254,-1.8780373194714397,3.7662940553992854,35269,0,0.0,0,0.0,0,0.0,0,0.0,0,0.0,641,1.8174600924324478,738,2.09248915478182,2103,5.962743485780714,4894,13.8762085684312,26893,76.25109869857381
090.png,Glaucous_Winged_Gull,212.51393480374597,34.63255611074763,224.0,18,254,-1.0563882426742497,0.2777146015772898,97705,1,0.0010234890742541324,20,0.020469781485082647,45,0.04605700834143595,91,0.09313750575712604,194,0.1985568804053017,8284,8.478583491121231,6907,7.069239035873292,12503,12.796683895399417,21068,21.56286781638606,48592,49.7333810961568
091.png,Glaucous_Winged_Gull,199.26547201602986,25.11873704833033,205.0,3,246,-0.7173349212519239,0.7893322996918983,43918,8,0.018215765745252514,14,0.0318775900541919,28,0.0637551801083838,15,0.03415456077234846,19,0.043262443644974724,1176,2.67771756455212,6960,15.847716198369689,10953,24.93966027596885,18201,41.44314404116763,6544,14.900496379616557
092.png,Glaucous_Winged_Gull,183.002318727517,36.626611401599156,176.0,44,254,0.05906664044978135,-0.5096978901624079,46146,0,0.0,6,0.01300221037576388,77,0.16686169982230312,435,0.9426602522428813,1445,3.1313656654964674,5120,11.095219520651845,14953,32.403675291466215,9356,20.274780045941142,5730,12.417110908854506,9024,19.555324405148873
095.png,Glaucous_Winged_Gull,167.870815235056,37.55179590449042,168.0,0,254,0.1873703339692541,0.5173647360441191,67686,4,0.005909641580238158,42,0.06205123659250067,429,0.6338090594805424,2663,3.934343882043554,3415,5.045356499128328,12448,18.39080459770115,26722,39.47936057678102,10415,15.387229264545105,4561,6.738468811866561,6987,10.322666430281004
096.png,Glaucous_Winged_Gull,186.10304768734312,50.64654685693397,182.0,62,254,-0.03259543722609206,-1.2843168634093416,27890,0,0.0,0,0.0,7,0.02509860164933668,729,2.6138400860523485,2935,10.523485120114737,4239,15.198996055934028,4719,16.920043026174255,4279,15.342416636787378,2128,7.62997490139835,8854,31.746145571889567
097.png,Glaucous_Winged_Gull,198.42995799445885,28.830792254243583,196.0,38,254,-0.1727293591886973,-0.09415307181532251,55945,0,0.0,1,0.0017874698364465098,2,0.0035749396728930196,35,0.06256144427562785,327,0.5845026365180087,2723,4.867280364643847,6252,11.175261417463581,22208,39.69613012780409,12102,21.631959960675665,12295,21.97694163910984
098.png,Glaucous_Winged_Gull,184.5161796811915,32.52887467765727,181.0,102,254,0.03717211255325131,-0.5512424185758271,66874,0,0.0,0,0.0,0,0.0,0,0.0,2164,3.2359362382988905,6455,9.652480784759398,19181,28.682298053055,17858,26.703950713281692,11827,17.685498100906184,9389,14.039836109698836
100.png,Glaucous_Winged_Gull,170.04309478620073,34.393492594651995,163.0,75,254,0.4481634455285702,-0.2479034008878389,44785,0,0.0,0,0.0,0,0.0,495,1.1052807859774478,2301,5.137880986937591,10758,24.021435748576533,14257,31.83431952662722,7917,17.677793904209,4292,9.583565926091325,4765,10.639723121580886
103.png,Glaucous_Winged_Gull,128.40447381799694,42.49166191499363,118.0,53,254,0.5962564603778421,-0.4958641889273152,9835,0,0.0,0,0.0,825,8.38840874428063,1662,16.898830706659886,3074,31.255719369598374,1549,15.749872902897813,749,7.615658362989324,1431,14.550076258261313,339,3.446873411286223,206,2.094560244026436
104.png,Glaucous_Winged_Gull,178.1094492125656,34.59991399846079,170.0,14,254,0.37189674032662134,-0.6356236313550592,24002,3,0.012498958420131654,11,0.045829514207149404,15,0.06249479210065828,13,0.05416215315390384,219,0.912423964669611,5173,21.552370635780353,7783,32.42646446129489,3957,16.486126156153656,3805,15.852845596200316,3023,12.594783768019333
105.png,Glaucous_Winged_Gull,149.58827664996923,51.56538077288889,142.0,64,254,0.41244662526468784,-1.221089013125474,11379,0,0.0,0,0.0,26,0.22849108005975918,2476,21.759381316460146,2469,21.697864487213288,1071,9.412074874769312,1620,14.236751911415766,1237,10.870902539766236,888,7.803849195887161,1592,13.990684594428332
106.png,Glaucous_Winged_Gull,146.88716116032393,55.35608072544082,137.0,74,252,0.29642127401746526,-1.4382800117626935,26303,0,0.0,0,0.0,1,0.003801847697981219,9837,37.398775805041254,2509,9.538835874234879,1540,5.854845454891077,1871,7.113257042922861,4883,18.564422309242293,2950,11.215450709044596,2712,10.310610956925066
107.png,Glaucous_Winged_Gull,182.07638279192273,42.8009115992146,179.0,0,254,-0.19751327134726782,-0.9421984871614142,7973,5,0.06271165182490906,4,0.05016932145992726,10,0.12542330364981813,179,2.2450771353317447,297,3.7250721183995985,1799,22.56365232660228,1487,18.650445252727955,965,12.103348802207451,1184,14.850119152138467,2043,25.623980935657848
108.png,Glaucous_Winged_Gull,178.4410127072923,37.00159472746036,168.0,10,254,0.03326897027204468,-0.6656375315052276,381828,41,0.010737819122746368,253,0.06626020092816662,1091,0.285730747876007,3501,0.9169049938715862,11500,3.011827314916664,65039,17.03358580303173,127416,33.3699990571671,44010,11.526132185172381,71932,18.838848905790044,57045,14.939972972123575
109.png,Glaucous_Winged_Gull,181.14210761508815,36.24398330550793,179.0,4,254,-0.2511273964516934,0.21527737046312279,501268,385,0.07680522195711675,883,0.17615327529385477,1113,0.22203691438511933,6512,1.2991054685318033,14709,2.9343584669278706,62434,12.455213578365266,145376,29.001651811007285,114599,22.86182241834707,74072,14.776925716383252,81185,16.19592712880136
110.png,Glaucous_Winged_Gull,173.61979628105456,38.505059142776304,169.0,60,254,0.3543097386635218,-0.35666321865375306,381506,0,0.0,0,0.0,124,0.032502765356246036,7172,1.8799180091531982,24369,6.387579749728707,68624,17.987659433927643,133255,34.928677399569075,61324,16.074190183116386,30581,8.01586344644645,56057,14.693609012702291
111.png,Glaucous_Winged_Gull,186.78150537521245,41.976222995779,186.0,0,254,0.024438388133748438,-1.0033272680471126,760156,131,0.017233304742710707,363,0.04775335589010676,416,0.05472560895395155,1072,0.14102368461210593,42255,5.558727419108709,135997,17.89066980988113,134330,17.67137271823152,142173,18.70313461973595,131268,17.268560663863735,172151,22.64679881498008
112.png,Glaucous_Winged_Gull,190.43520736206443,33.88491915560346,185.0,75,254,0.27426861821259035,-0.5763240620167407,460523,0,0.0,0,0.0,0,0.0,136,0.029531641199245205,7354,1.596880068965068,38708,8.405226231914584,109855,23.854400323110898,153326,33.29388543026081,59431,12.905110059649571,91713,19.91496624489982
113.png,Glaucous_Winged_Gull,185.95599529615455,35.90446883190324,186.0,125,254,-0.015334637990638554,-1.2618333043152397,522126,0,0.0,0,0.0,0,0.0,0,0.0,0,0.0,112560,21.558014732076167,102526,19.636256382559,99624,19.080451844956965,109916,21.051623554467696,97500,18.673653485940175
114.png,Glaucous_Winged_Gull,183.44964325878087,31.754526071109655,181.0,17,254,0.059833834856700664,-0.46538203154966773,1285806,149,0.011588062273780026,631,0.04907427714600803,223,0.017343207295657352,341,0.02652033043865093,22768,1.7707181332176085,156436,12.166376576248672,353286,27.47584005674262,344645,26.803810217093403,253376,19.705616554907973,153951,11.97311258463563
115.png,Glaucous_Winged_Gull,166.40651552423375,30.659501621142606,160.0,5,254,-0.13164040709221306,0.1448581905920654,150410,127,0.0844358752742504,206,0.13695897879130375,347,0.23070274582806996,1381,0.9181570374310218,4193,2.787713582873479,46371,30.82973206568712,38681,25.71704009041952,28008,18.621102320324447,29346,19.510670833056313,1750,1.1634864703144736
116.png,Glaucous_Winged_Gull,170.25648628613789,40.8873613730231,169.0,0,249,-0.49558475481375763,0.08221827656139125,2698,2,0.07412898443291327,3,0.1111934766493699,72,2.6686434395848777,103,3.817642698295033,118,4.373610081541883,397,14.714603409933282,764,28.317272053372868,482,17.865085248332097,514,19.05114899925871,243,9.006671608598962
117.png,Glaucous_Winged_Gull,165.75676959619952,34.56729102152592,161.0,1,254,-0.03374564563596306,1.2296694612757193,4210,9,0.21377672209026127,7,0.166270783847981,45,1.0688836104513064,39,0.9263657957244655,101,2.3990498812351544,1272,30.213776722090262,1246,29.59619952494062,771,18.313539192399052,443,10.522565320665084,277,6.579572446555819
118.png,Glaucous_Winged_Gull,158.50832177531206,40.43010269563606,149.0,0,254,0.6145508434963427,-0.1838400983664874,23072,8,0.03467406380027739,23,0.0996879334257975,63,0.27305825242718446,583,2.5268723994452147,3247,14.073335644937588,7771,33.68151872399445,4919,21.320214979195562,2357,10.215846047156726,1658,7.186199722607489,2443,10.588592233009708
120.png,Glaucous_Winged_Gull,193.09377038486627,30.584433093057786,182.0,115,254,0.31454587203132867,-1.193048912029552,6132,0,0.0,0,0.0,0,0.0,0,0.0,2,0.03261578604044357,217,3.5388127853881275,2086,34.01826484018265,1302,21.232876712328768,1232,20.091324200913242,1293,21.086105675146772
121.png,Glaucous_Winged_Gull,195.88140161725067,32.22404458053971,186.0,90,253,0.1604041684177337,-1.0243470713124825,6678,0,0.0,0,0.0,0,0.0,2,0.02994908655286014,45,0.6738544474393532,270,4.0431266846361185,1684,25.217130877508236,2060,30.847559149445942,775,11.605271039233303,1842,27.583108715184185
122.png,Glaucous_Winged_Gull,187.98498498498498,21.880282711754916,186.0,89,249,0.03475101601278428,-0.1508987075643855,2664,0,0.0,0,0.0,0,0.0,1,0.03753753753753754,2,0.07507507507507508,103,3.8663663663663668,606,22.74774774774775,1196,44.8948948948949,590,22.147147147147148,166,6.231231231231231
123.png,Glaucous_Winged_Gull,165.633113428389,29.35465885510119,163.0,0,254,0.31326342278548297,0.6601410528247,4699,3,0.0638433709299851,2,0.04256224728665674,5,0.10640561821664184,24,0.5107469674398808,66,1.4045541604596723,1487,31.64503085762928,1459,31.049159395616087,1010,21.49393487976165,462,9.831879123217705,181,3.8518833794424348
124.png,Glaucous_Winged_Gull,183.33435960591132,27.59178714058301,174.0,118,254,0.6880021348631125,-0.5243110994202715,4872,0,0.0,0,0.0,0,0.0,0,0.0,5,0.10262725779967159,207,4.248768472906404,2308,47.3727422003284,997,20.463875205254517,815,16.72824302134647,540,11.083743842364532
125.png,Glaucous_Winged_Gull,191.66877051249685,23.099924681717773,187.0,112,251,0.3856696186006757,-0.14481408786347583,3961,0,0.0,0,0.0,0,0.0,0,0.0,6,0.15147689977278464,85,2.1459227467811157,713,18.00050492299924,1939,48.952284776571574,735,18.55592022216612,483,12.193890431709164
126.png,Glaucous_Winged_Gull,205.86037516921292,25.085632459302833,201.0,0,254,-0.37102725217459426,1.4535538654252331,5171,2,0.03867723844517501,1,0.019338619222587505,0,0.0,0,0.0,3,0.05801585766776252,79,1.527750918584413,291,5.627538193772964,2085,40.321021079094955,1206,23.322374782440534,1504,29.085283310771608
127.png,Glaucous_Winged_Gull,207.96829613885936,24.67663819740487,203.0,0,254,-0.41211988761253837,1.5278438248029902,5646,2,0.035423308537017355,1,0.017711654268508677,0,0.0,0,0.0,2,0.035423308537017355,86,1.5232022670917464,259,4.587318455543747,2097,37.141339001062704,1449,25.664187035069077,1750,30.99539496989019
129.png,Glaucous_Winged_Gull,185.00124843945068,22.95900919705188,182.0,123,249,0.4575166839303695,0.3317925410110161,1602,0,0.0,0,0.0,0,0.0,0,0.0,2,0.12484394506866417,88,5.493133583021224,360,22.47191011235955,820,51.186017478152316,194,12.109862671660425,138,8.614232209737828
130.png,Glaucous_Winged_Gull,179.64552383412996,33.55408962098888,174.0,18,254,0.12901829005540869,-1.02656034644067,7741,1,0.012918227619170651,4,0.051672910476682606,3,0.03875468285751195,5,0.06459113809585325,30,0.38754682857511946,1829,23.627438315463117,2044,26.404857253584808,1193,15.411445549670585,1717,22.180596822116005,915,11.820178271541144
131.png,Glaucous_Winged_Gull,197.74280029322443,29.879666363392673,190.0,119,254,-0.024187746182737422,-0.9973036437732925,9549,0,0.0,0,0.0,0,0.0,0,0.0,7,0.0733061053513457,524,5.4874856005864485,1470,15.394282123782595,3656,38.2867315949314,985,10.315216253010787,2907,30.442978322337417
132.png,Glaucous_Winged_Gull,211.28176795580112,34.98351981530429,213.0,72,254,-1.0231341864666086,1.1032257995029795,4706,0,0.0,0,0.0,3,0.06374840628984275,39,0.8287292817679558,80,1.6999575010624732,198,4.207394815129621,268,5.694857628559286,860,18.27454313642159,1429,30.365490862728432,1829,38.8652783680408
134.png,Glaucous_Winged_Gull,194.89543215405286,23.077005413746527,188.0,128,254,0.4289398464018713,-0.543449170250716,4466,0,0.0,0,0.0,0,0.0,0,0.0,0,0.0,47,1.052395879982087,675,15.114196148678907,2137,47.850425436632335,951,21.29422301836095,656,14.688759516345723
135.png,Glaucous_Winged_Gull,190.3441412520064,34.52126188097485,186.0,0,254,-0.015036754193057299,-0.24046116012563212,6230,3,0.048154093097913325,2,0.03210272873194221,0,0.0,7,0.11235955056179776,99,1.5890850722311396,628,10.080256821829856,1300,20.86677367576244,2031,32.60032102728732,790,12.680577849117174,1370,21.990369181380416
136.png,Glaucous_Winged_Gull,191.87695265561163,34.829267374434735,183.0,104,254,0.23338089100272713,-0.9523433572036488,4161,0,0.0,0,0.0,0,0.0,0,0.0,29,0.6969478490747416,409,9.829367940398942,1000,24.03268445085316,1216,29.22374429223744,478,11.48762316750781,1029,24.7296322999279
137.png,Glaucous_Winged_Gull,185.20275516593614,33.96847545751053,185.0,57,254,-0.2803901021521987,-0.3671708992339311,7985,0,0.0,0,0.0,16,0.20037570444583594,68,0.8515967438948028,189,2.366938008766437,890,11.145898559799624,2109,26.41202254226675,1671,20.926737633061993,1821,22.8052598622417,1221,15.291170945522856
138.png,Glaucous_Winged_Gull,182.83958641063515,37.265576067621595,169.0,89,249,0.2014674419249491,-1.5246154617951142,3385,0,0.0,0,0.0,0,0.0,1,0.029542097488921712,41,1.2112259970457901,753,22.24519940915805,975,28.80354505169867,266,7.8581979320531765,587,17.341211225997046,762,22.511078286558345
